Cites,Authors,Title,Year,Source,Publisher,ArticleURL,CitesURL,GSRank,QueryDate,Type,DOI,ISSN,CitationURL,Volume,Issue,StartPage,EndPage,ECC,CitesPerYear,CitesPerAuthor,AuthorCount,Age,Abstract
729,"RV Kulkarni, A Förster, GK Venayagamoorthy","Computational intelligence in wireless sensor networks: A survey",2010,"IEEE communications surveys & tutorials","","","https://scholar.google.com/scholar?oi=bibs&hl=en&cites=832930168463088796",1,"2020-11-09 18:41:29","Journal article","","","https://scholar.google.com/citations?view_op=view_citation&hl=en&user=aExySZkAAAAJ&pagesize=100&citation_for_view=aExySZkAAAAJ:UebtZRa9Y70C",13,1,68,96,729,72.90,243,3,10,""
137,"A Forster","Machine learning techniques applied to wireless ad-hoc networks: Guide and survey",2007,"2007 3rd international conference on intelligent sensors, sensor networks …","","","https://scholar.google.com/scholar?oi=bibs&hl=en&cites=10601937743943550785",2,"2020-11-09 18:41:29","Conference paper","","","https://scholar.google.com/citations?view_op=view_citation&hl=en&user=aExySZkAAAAJ&pagesize=100&citation_for_view=aExySZkAAAAJ:hqOjcs7Dif8C",,,,,137,10.54,137,1,13,""
88,"HA Nguyen, A Förster, D Puccinelli, S Giordano","Sensor node lifetime: An experimental study",2011,"2011 IEEE International Conference on Pervasive Computing and Communications …","","","https://scholar.google.com/scholar?oi=bibs&hl=en&cites=16623838776251176730",3,"2020-11-09 18:41:29","Conference paper","","","https://scholar.google.com/citations?view_op=view_citation&hl=en&user=aExySZkAAAAJ&pagesize=100&citation_for_view=aExySZkAAAAJ:5nxA0vEk-isC",,,,,88,9.78,22,4,9,""
67,"A Forster, AL Murphy","FROMS: Feedback routing for optimizing multiple sinks in WSN with reinforcement learning",2007,"2007 3rd International Conference on Intelligent Sensors, Sensor Networks …","","","https://scholar.google.com/scholar?oi=bibs&hl=en&cites=14782278827118033592",4,"2020-11-09 18:41:29","Conference paper","","","https://scholar.google.com/citations?view_op=view_citation&hl=en&user=aExySZkAAAAJ&pagesize=100&citation_for_view=aExySZkAAAAJ:aqlVkmm33-oC",,,,,67,5.15,34,2,13,""
58,"S Behnke, A Egorova, A Gloye, R Rojas, M Simon","Predicting away robot control latency",2003,"Robot Soccer World Cup","","","https://scholar.google.com/scholar?oi=bibs&hl=en&cites=12064695795851140724",5,"2020-11-09 18:41:29","Book chapter","","","https://scholar.google.com/citations?view_op=view_citation&hl=en&user=aExySZkAAAAJ&pagesize=100&citation_for_view=aExySZkAAAAJ:7PzlFSSx8tAC",,,712,719,58,3.41,12,5,17,""
55,"J Dede, A Förster, E Hernández-Orallo, J Herrera-Tapia, K Kuladinithi, ...","Simulating opportunistic networks: Survey and future directions",2017,"IEEE Communications Surveys & Tutorials","","","https://scholar.google.com/scholar?oi=bibs&hl=en&cites=1789369903503897521",6,"2020-11-09 18:41:29","Journal article","","","https://scholar.google.com/citations?view_op=view_citation&hl=en&user=aExySZkAAAAJ&pagesize=100&citation_for_view=aExySZkAAAAJ:1sJd4Hv_s6UC",20,2,1547,1573,55,18.33,9,6,3,""
51,"A Forster, AL Murphy","CLIQUE: Role-free clustering with Q-learning for wireless sensor networks",2009,"2009 29th IEEE International Conference on Distributed Computing Systems …","","","https://scholar.google.com/scholar?oi=bibs&hl=en&cites=2558709931548977086",7,"2020-11-09 18:41:29","Conference paper","","","https://scholar.google.com/citations?view_op=view_citation&hl=en&user=aExySZkAAAAJ&pagesize=100&citation_for_view=aExySZkAAAAJ:0EnyYjriUFMC",,,,,51,4.64,26,2,11,""
47,"A Förster, A Förster, AL Murphy","Optimal cluster sizes for wireless sensor networks: An experimental analysis",2009,"International conference on ad hoc networks","","","https://scholar.google.com/scholar?oi=bibs&hl=en&cites=7578595827096756643",8,"2020-11-09 18:41:29","Conference paper","","","https://scholar.google.com/citations?view_op=view_citation&hl=en&user=aExySZkAAAAJ&pagesize=100&citation_for_view=aExySZkAAAAJ:d1gkVwhDpl0C",,,49,63,47,4.27,16,3,11,""
42,"A Förster, K Garg, HA Nguyen, S Giordano","On context awareness and social distance in human mobility traces",2012,"Proceedings of the third ACM international workshop on Mobile Opportunistic …","","","https://scholar.google.com/scholar?oi=bibs&hl=en&cites=17554212446357236289",9,"2020-11-09 18:41:29","Conference paper","","","https://scholar.google.com/citations?view_op=view_citation&hl=en&user=aExySZkAAAAJ&pagesize=100&citation_for_view=aExySZkAAAAJ:UeHWp8X0CEIC",,,,,42,5.25,11,4,8,""
40,"A Förster, AL Murphy","Froms: A failure tolerant and mobility enabled multicast routing paradigm with reinforcement learning for WSNs",2011,"Ad Hoc Networks","","","https://scholar.google.com/scholar?oi=bibs&hl=en&cites=11400022356281009655",10,"2020-11-09 18:41:29","Journal article","","","https://scholar.google.com/citations?view_op=view_citation&hl=en&user=aExySZkAAAAJ&pagesize=100&citation_for_view=aExySZkAAAAJ:u-x6o8ySG0sC",9,5,940,965,40,4.44,20,2,9,""
35,"CA Boano, S Duquennoy, A Förster, O Gnawali, R Jacob, HS Kim, ...","IoTBench: Towards a benchmark for low-power wireless networking",2018,"2018 IEEE Workshop on Benchmarking Cyber-Physical Networks and Systems …","","","https://scholar.google.com/scholar?oi=bibs&hl=en&cites=10813534046162461971",11,"2020-11-09 18:41:29","Conference paper","","","https://scholar.google.com/citations?view_op=view_citation&hl=en&user=aExySZkAAAAJ&pagesize=100&citation_for_view=aExySZkAAAAJ:UxriW0iASnsC",,,,,35,17.50,5,7,2,""
28,"A Förster","Introduction to Wireless Sensor Networks",2016,"","John Wiley and Sons","","https://scholar.google.com/scholar?oi=bibs&hl=en&cites=7129298410039343346",12,"2020-11-09 18:41:29","Book","","","https://scholar.google.com/citations?view_op=view_citation&hl=en&user=aExySZkAAAAJ&pagesize=100&citation_for_view=aExySZkAAAAJ:NaGl4SEjCO4C",,,,,28,7.00,28,1,4,""
26,"D Wohwe Sambo, BO Yenke, A Förster, P Dayang","Optimized clustering algorithms for large wireless sensor networks: A review",2019,"Sensors","","","https://scholar.google.com/scholar?oi=bibs&hl=en&cites=8449708510605975254",13,"2020-11-09 18:41:29","Journal article","","","https://scholar.google.com/citations?view_op=view_citation&hl=en&user=aExySZkAAAAJ&pagesize=100&citation_for_view=aExySZkAAAAJ:VOx2b1Wkg3QC",19,2,322,322,26,26.00,7,4,1,""
23,"A Egorova-Förster, AL Murphy","A feedback-enhanced learning approach for routing in WSN",2006,"Communication in Distributed Systems-15. ITG/GI Symposium","","","https://scholar.google.com/scholar?oi=bibs&hl=en&cites=4073521080379296478",14,"2020-11-09 18:41:29","Conference paper","","","https://scholar.google.com/citations?view_op=view_citation&hl=en&user=aExySZkAAAAJ&pagesize=100&citation_for_view=aExySZkAAAAJ:4DMP91E08xMC",,,1,12,23,1.64,12,2,14,""
21,"F Cellina, A Förster, D Rivola, L Pampuri, R Rudel, AE Rizzoli","Using smartphones to profile mobility patterns in a living lab for the transition to e-mobility",2013,"International Symposium on Environmental Software Systems","","","https://scholar.google.com/scholar?oi=bibs&hl=en&cites=4723142989827830811",15,"2020-11-09 18:41:29","Conference paper","","","https://scholar.google.com/citations?view_op=view_citation&hl=en&user=aExySZkAAAAJ&pagesize=100&citation_for_view=aExySZkAAAAJ:Zph67rFs4hoC",,,154,163,21,3.00,4,6,7,""
20,"K Garg, A Förster, D Puccinelli, S Giordano","Towards realistic and credible wireless sensor network evaluation",2011,"International Conference on Ad Hoc Networks","","","https://scholar.google.com/scholar?oi=bibs&hl=en&cites=1837237062365403121",16,"2020-11-09 18:41:29","Conference paper","","","https://scholar.google.com/citations?view_op=view_citation&hl=en&user=aExySZkAAAAJ&pagesize=100&citation_for_view=aExySZkAAAAJ:9yKSN-GCB0IC",,,49,64,20,2.22,5,4,9,""
19,"A Förster, AL Murphy","Balancing energy expenditure in wsns through reinforcement learning: A study",2008,"Proceedings of the 1st International Workshop on Energy in Wireless Sensor …","","","https://scholar.google.com/scholar?oi=bibs&hl=en&cites=3484354967934227341",17,"2020-11-09 18:41:29","Conference paper","","","https://scholar.google.com/citations?view_op=view_citation&hl=en&user=aExySZkAAAAJ&pagesize=100&citation_for_view=aExySZkAAAAJ:u5HHmVD_uO8C",,,,,19,1.58,10,2,12,""
19,"A Gloye, M Simon, A Egorova, F Wiesel, O Tenchio, M Schreiber, ...","Predicting away robot control latency",2003,"FU-Berlin, June","","","https://scholar.google.com/scholar?oi=bibs&hl=en&cites=18252354824124363861",18,"2020-11-09 18:41:29","","","","https://scholar.google.com/citations?view_op=view_citation&hl=en&user=aExySZkAAAAJ&pagesize=100&citation_for_view=aExySZkAAAAJ:L8Ckcad2t8MC",,,,,19,1.12,3,7,17,""
18,"A Foerster, A Udugama, C Görg, K Kuladinithi, A Timm-Giel, ...","A novel data dissemination model for organic data flows",2015,"International Conference on Mobile Networks and Management","","","https://scholar.google.com/scholar?oi=bibs&hl=en&cites=16006864950307880870",19,"2020-11-09 18:41:29","Conference paper","","","https://scholar.google.com/citations?view_op=view_citation&hl=en&user=aExySZkAAAAJ&pagesize=100&citation_for_view=aExySZkAAAAJ:blknAaTinKkC",,,239,252,18,3.60,3,6,5,""
18,"J Dede, K Kuladinithi, A Förster, O Nannen, S Lehnhoff","OMNeT++ and mosaik: enabling simulation of Smart Grid communications",2015,"arXiv preprint arXiv:1509.","","","https://scholar.google.com/scholar?oi=bibs&hl=en&cites=10506897852068832299",20,"2020-11-09 18:41:29","Preprint","","","https://scholar.google.com/citations?view_op=view_citation&hl=en&user=aExySZkAAAAJ&pagesize=100&citation_for_view=aExySZkAAAAJ:M3NEmzRMIkIC",3067,,,,18,3.60,4,5,5,""
17,"A Egorova-Forster, AL Murphy","Exploring non uniform quality of service for extending WSN lifetime",2007,"Fifth Annual IEEE International Conference on Pervasive Computing and …","","","https://scholar.google.com/scholar?oi=bibs&hl=en&cites=3944195574747401726",21,"2020-11-09 18:41:29","Conference paper","","","https://scholar.google.com/citations?view_op=view_citation&hl=en&user=aExySZkAAAAJ&pagesize=100&citation_for_view=aExySZkAAAAJ:mVmsd5A6BfQC",,,,,17,1.31,9,2,13,""
15,"A Forster","Implementation of the B-MAC Protocol for WSN in MiXiM",2011,"4th international workshop to be held in conjunction with Simutools","","","https://scholar.google.com/scholar?oi=bibs&hl=en&cites=13659099500813195996",22,"2020-11-09 18:41:29","Conference paper","","","https://scholar.google.com/citations?view_op=view_citation&hl=en&user=aExySZkAAAAJ&pagesize=100&citation_for_view=aExySZkAAAAJ:kNdYIx-mwKoC",,,,,15,1.67,15,1,9,""
15,"A Egorova, A Gloye, A Liers, R Rojas, M Schreiber, M Simon, O Tenchio, ...","FU-Fighters 2003 (Global Vision)",2003,"D. Polani, B. Browning, A. Bonarini, K","Yoshida (Co-chairs): RoboCup-2003 …","","https://scholar.google.com/scholar?oi=bibs&hl=en&cites=10473655826804825079",23,"2020-11-09 18:41:29","","","","https://scholar.google.com/citations?view_op=view_citation&hl=en&user=aExySZkAAAAJ&pagesize=100&citation_for_view=aExySZkAAAAJ:qUcmZB5y_30C",,,,,15,0.88,2,8,17,""
14,"A Foerster, A Foerster","Emerging communications for wireless sensor networks",2011,"BoD–Books on Demand","","","https://scholar.google.com/scholar?oi=bibs&hl=en&cites=16061892839292463057",24,"2020-11-09 18:41:29","","","","https://scholar.google.com/citations?view_op=view_citation&hl=en&user=aExySZkAAAAJ&pagesize=100&citation_for_view=aExySZkAAAAJ:pyW8ca7W8N0C",,,,,14,1.56,7,2,9,""
14,"A Förster, A Förster, T Leidi, K Garg, D Puccinelli, F Ducatelle, S Giordano, ...","Motel: Towards flexible mobile wireless sensor network testbeds",2011,"System 7 (M9)","","","https://scholar.google.com/scholar?oi=bibs&hl=en&cites=2365190317104868914",25,"2020-11-09 18:41:29","Book chapter","","","https://scholar.google.com/citations?view_op=view_citation&hl=en&user=aExySZkAAAAJ&pagesize=100&citation_for_view=aExySZkAAAAJ:IjCSPb-OGe4C",,,1,3,14,1.56,2,8,9,""
14,"A Egorova-Forster, AL Murphy","Exploiting reinforcement learning for multiple sink routing in WSNs",2007,"2007 IEEE International Conference on Mobile Adhoc and Sensor Systems","","","https://scholar.google.com/scholar?oi=bibs&hl=en&cites=9596268498879785472",26,"2020-11-09 18:41:29","Conference paper","","","https://scholar.google.com/citations?view_op=view_citation&hl=en&user=aExySZkAAAAJ&pagesize=100&citation_for_view=aExySZkAAAAJ:Wp0gIr-vW9MC",,,1,3,14,1.08,7,2,13,""
14,"A Gloye, C Göktekin, A Egorova, O Tenchio, R Rojas","Learning to drive and simulate autonomous mobile robots",2004,"Robot Soccer World Cup","","","https://scholar.google.com/scholar?oi=bibs&hl=en&cites=5366599889924868673",27,"2020-11-09 18:41:29","Book chapter","","","https://scholar.google.com/citations?view_op=view_citation&hl=en&user=aExySZkAAAAJ&pagesize=100&citation_for_view=aExySZkAAAAJ:dhFuZR0502QC",,,160,171,14,0.88,3,5,16,""
13,"A Förster, K Garg, D Puccinelli, S Giordano","Flexor: User friendly wireless sensor network development and deployment",2012,"2012 IEEE International Symposium on a World of Wireless, Mobile and …","","","https://scholar.google.com/scholar?oi=bibs&hl=en&cites=3741304037772394814",28,"2020-11-09 18:41:29","Conference paper","","","https://scholar.google.com/citations?view_op=view_citation&hl=en&user=aExySZkAAAAJ&pagesize=100&citation_for_view=aExySZkAAAAJ:MXK_kJrjxJIC",,,,,13,1.63,3,4,8,""
13,"D Puccinelli, A Förster, A Puiatti, S Giordano","Radio-based trail usage monitoring with low-end motes",2011,"2011 IEEE International Conference on Pervasive Computing and Communications …","","","https://scholar.google.com/scholar?oi=bibs&hl=en&cites=6995692214493859699",29,"2020-11-09 18:41:29","Conference paper","","","https://scholar.google.com/citations?view_op=view_citation&hl=en&user=aExySZkAAAAJ&pagesize=100&citation_for_view=aExySZkAAAAJ:3fE2CSJIrl8C",,,,,13,1.44,3,4,9,""
13,"A Förster, M Jazayeri","Hands-on approach to teaching wireless sensor networks at the undergraduate level",2010,"Proceedings of the fifteenth annual conference on Innovation and technology …","","","https://scholar.google.com/scholar?oi=bibs&hl=en&cites=9846073586981217293",30,"2020-11-09 18:41:29","Conference paper","","","https://scholar.google.com/citations?view_op=view_citation&hl=en&user=aExySZkAAAAJ&pagesize=100&citation_for_view=aExySZkAAAAJ:2osOgNQ5qMEC",,,,,13,1.30,7,2,10,""
13,"A Förster, AL Murphy, J Schiller, K Terfloth","An efficient implementation of reinforcement learning based routing on real WSN hardware",2008,"2008 IEEE International Conference on Wireless and Mobile Computing …","","","https://scholar.google.com/scholar?oi=bibs&hl=en&cites=14480539203851256465",31,"2020-11-09 18:41:29","Conference paper","","","https://scholar.google.com/citations?view_op=view_citation&hl=en&user=aExySZkAAAAJ&pagesize=100&citation_for_view=aExySZkAAAAJ:8k81kl-MbHgC",,,,,13,1.08,3,4,12,""
11,"A Förster, J Dede, A Könsgen, A Udugama, I Zaman","Teaching the internet of things",2017,"GetMobile: Mobile Computing and Communications","","","https://scholar.google.com/scholar?oi=bibs&hl=en&cites=3423607260178589682",32,"2020-11-09 18:41:29","Journal article","","","https://scholar.google.com/citations?view_op=view_citation&hl=en&user=aExySZkAAAAJ&pagesize=100&citation_for_view=aExySZkAAAAJ:RYcK_YlVTxYC",20,3,24,28,11,3.67,2,5,3,""
11,"A Egorova, M Simon, F Wiesel, A Gloye, R Rojas","Plug and play: Fast automatic geometry and color calibration for cameras tracking robots",2004,"Robot Soccer World Cup","","","https://scholar.google.com/scholar?oi=bibs&hl=en&cites=10843370466502132509",33,"2020-11-09 18:41:29","Book chapter","","","https://scholar.google.com/citations?view_op=view_citation&hl=en&user=aExySZkAAAAJ&pagesize=100&citation_for_view=aExySZkAAAAJ:9ZlFYXVOiuMC",,,394,401,11,0.69,2,5,16,""
10,"Y Mehmood, SNK Marwat, K Kuladinithi, A Förster, Y Zaki, C Görg, ...","M2M Potentials in logistics and transportation industry",2016,"Logistics Research","","","https://scholar.google.com/scholar?oi=bibs&hl=en&cites=8514970275293632630",34,"2020-11-09 18:41:29","Journal article","","","https://scholar.google.com/citations?view_op=view_citation&hl=en&user=aExySZkAAAAJ&pagesize=100&citation_for_view=aExySZkAAAAJ:O3NaXMp0MMsC",9,1,15,15,10,2.50,1,7,4,""
9,"A Udugama, B Khalilov, AB Muslim, A Förster","Implementation of the swim mobility model in omnet++",2016,"arXiv preprint arXiv:1609.","","","https://scholar.google.com/scholar?oi=bibs&hl=en&cites=8884428512911253938",35,"2020-11-09 18:41:29","Preprint","","","https://scholar.google.com/citations?view_op=view_citation&hl=en&user=aExySZkAAAAJ&pagesize=100&citation_for_view=aExySZkAAAAJ:ns9cj8rnVeAC",5199,,,,9,2.25,2,4,4,""
9,"AE Rizzoli, R Rudel, A Förster, G Corani, F Cellina, L Pampuri, R Guidi, ...","Investigating mobility styles using smartphones: advantages and limitations according to a field study in Southern Switzerland",2014,"","","","https://scholar.google.com/scholar?oi=bibs&hl=en&cites=141541396546794253",36,"2020-11-09 18:41:29","","","","https://scholar.google.com/citations?view_op=view_citation&hl=en&user=aExySZkAAAAJ&pagesize=100&citation_for_view=aExySZkAAAAJ:RHpTSmoSYBkC",,,,,9,1.50,1,8,6,""
9,"K Garg, S Giordano, A Förster","A study to understand the impact of node density on data dissemination time in opportunistic networks",2013,"Proceedings of the 2nd ACM workshop on high performance mobile opportunistic …","","","https://scholar.google.com/scholar?oi=bibs&hl=en&cites=7503059415045184525",37,"2020-11-09 18:41:29","Conference paper","","","https://scholar.google.com/citations?view_op=view_citation&hl=en&user=aExySZkAAAAJ&pagesize=100&citation_for_view=aExySZkAAAAJ:YOwf2qJgpHMC",,,,,9,1.29,3,3,7,""
9,"A Förster, AL Murphy","A critical survey and guide to evaluating WSN routing protocols",2010,"The first international workshop on networks of cooperating objects (CONET …","","","https://scholar.google.com/scholar?oi=bibs&hl=en&cites=16038017822224768062",38,"2020-11-09 18:41:29","Conference paper","","","https://scholar.google.com/citations?view_op=view_citation&hl=en&user=aExySZkAAAAJ&pagesize=100&citation_for_view=aExySZkAAAAJ:qjMakFHDy7sC",,,,,9,0.90,5,2,10,""
8,"A Udugama, A Förster, J Dede, V Kuppusamy, AB Muslim","Opportunistic networking protocol simulator for omnet++",2017,"arXiv preprint arXiv:1709.","","","https://scholar.google.com/scholar?oi=bibs&hl=en&cites=893695771487076334",39,"2020-11-09 18:41:29","Preprint","","","https://scholar.google.com/citations?view_op=view_citation&hl=en&user=aExySZkAAAAJ&pagesize=100&citation_for_view=aExySZkAAAAJ:a0OBvERweLwC",2210,,,,8,2.67,2,5,3,""
7,"CC Pu, CH Pu, HJ Lee, A Foerster, A Foerster","Indoor Location Tracking Using Received Signal Strength Indicator, Emerging Communications for Wireless Sensor Networks",2011,"IntechOpen","","","https://scholar.google.com/scholar?oi=bibs&hl=en&cites=599599786886198828",40,"2020-11-09 18:41:29","","","","https://scholar.google.com/citations?view_op=view_citation&hl=en&user=aExySZkAAAAJ&pagesize=100&citation_for_view=aExySZkAAAAJ:Y5dfb0dijaUC",,,,,7,0.78,1,5,9,""
6,"Y Mehmood, L Zhang, A Förster","Power Consumption Modeling of Discontinuous Reception for Cellular Machine Type Communications",2019,"Sensors","","","https://scholar.google.com/scholar?oi=bibs&hl=en&cites=14522459687108288100",41,"2020-11-09 18:41:29","Journal article","","","https://scholar.google.com/citations?view_op=view_citation&hl=en&user=aExySZkAAAAJ&pagesize=100&citation_for_view=aExySZkAAAAJ:BrmTIyaxlBUC",19,3,617,617,6,6.00,2,3,1,""
6,"J Herrera-Tapia, A Förster, E Hernández-Orallo, A Udugama, A Tomas, ...","Mobility as the main enabler of opportunistic data dissemination in urban scenarios",2017,"International Conference on Ad-Hoc Networks and Wireless","","","https://scholar.google.com/scholar?oi=bibs&hl=en&cites=2212810151251182701",42,"2020-11-09 18:41:29","Conference paper","","","https://scholar.google.com/citations?view_op=view_citation&hl=en&user=aExySZkAAAAJ&pagesize=100&citation_for_view=aExySZkAAAAJ:EUQCXRtRnyEC",,,107,120,6,2.00,1,6,3,""
6,"I Zaman, J Dede, M Gellhaar, H Koehler, A Foerster","Molenet: A new sensor node for underground monitoring",2016,"IEEE SenseApp","","","https://scholar.google.com/scholar?oi=bibs&hl=en&cites=3963450596557793821",43,"2020-11-09 18:41:29","","","","https://scholar.google.com/citations?view_op=view_citation&hl=en&user=aExySZkAAAAJ&pagesize=100&citation_for_view=aExySZkAAAAJ:cFHS6HbyZ2cC",,,,,6,1.50,1,5,4,""
6,"DG Gomes, A Förster","Introduction to the special issue on Green engineering",2015,"Computers and Electrical Engineering 45 (C)","","","https://scholar.google.com/scholar?oi=bibs&hl=en&cites=1250378827267628381",44,"2020-11-09 18:41:29","Book chapter","","","https://scholar.google.com/citations?view_op=view_citation&hl=en&user=aExySZkAAAAJ&pagesize=100&citation_for_view=aExySZkAAAAJ:NMxIlDl6LWMC",,,141,142,6,1.20,3,2,5,""
6,"A Förster, A Förster, K Garg, D Puccinelli, S Giordano, LM Gambardella","MOTEL—A Mobile Robotic-Assisted Wireless Sensor Networks Testbed",2012,"Wireless Integration of Sensor networks in Hybrid architectures","","","https://scholar.google.com/scholar?oi=bibs&hl=en&cites=12837258600698713645",45,"2020-11-09 18:41:29","Journal article","","","https://scholar.google.com/citations?view_op=view_citation&hl=en&user=aExySZkAAAAJ&pagesize=100&citation_for_view=aExySZkAAAAJ:W7OEmFMy1HYC",13,,,,6,0.75,1,6,8,""
6,"A Föerster, AL Murphy","Machine learning across the WSN layers",2010,"","","","https://scholar.google.com/scholar?oi=bibs&hl=en&cites=11812100176494031942",46,"2020-11-09 18:41:29","","","","https://scholar.google.com/citations?view_op=view_citation&hl=en&user=aExySZkAAAAJ&pagesize=100&citation_for_view=aExySZkAAAAJ:zYLM7Y9cAGgC",,,,,6,0.60,3,2,10,""
5,"V Kuppusamy, UM Thanthrige, A Udugama, A Förster","Evaluating Forwarding Protocols in Opportunistic Networks: Trends, Advances, Challenges and Best Practices",2019,"Future Internet","","","https://scholar.google.com/scholar?oi=bibs&hl=en&cites=12071895442114738846",47,"2020-11-09 18:41:29","Journal article","","","https://scholar.google.com/citations?view_op=view_citation&hl=en&user=aExySZkAAAAJ&pagesize=100&citation_for_view=aExySZkAAAAJ:5ugPr518TE4C",11,5,113,113,5,5.00,1,4,1,""
5,"A Udugama, J Dede, A Förster, V Kuppusamy, K Kuladinithi, A Timm-Giel, ...","My smartphone tattles: Considering popularity of messages in opportunistic data dissemination",2019,"Future Internet","","","https://scholar.google.com/scholar?oi=bibs&hl=en&cites=2402346921765981418",48,"2020-11-09 18:41:29","Journal article","","","https://scholar.google.com/citations?view_op=view_citation&hl=en&user=aExySZkAAAAJ&pagesize=100&citation_for_view=aExySZkAAAAJ:eflP2zaiRacC",11,2,29,29,5,5.00,1,7,1,""
5,"L Sang, V Kuppusamy, A Förster, A Udugama, J Liu","Validating contact times extracted from mobility traces",2017,"International Conference on Ad-Hoc Networks and Wireless","","","https://scholar.google.com/scholar?oi=bibs&hl=en&cites=9172555507844775531",49,"2020-11-09 18:41:29","Conference paper","","","https://scholar.google.com/citations?view_op=view_citation&hl=en&user=aExySZkAAAAJ&pagesize=100&citation_for_view=aExySZkAAAAJ:_xSYboBqXhAC",,,239,252,5,1.67,1,5,3,""
5,"J Dede, A Förster","Comparative Analysis of Opportunistic Communication Technologies",2016,"2nd EAI International Conference on Interoperability in IoT","","","https://scholar.google.com/scholar?oi=bibs&hl=en&cites=8386720941591041278",50,"2020-11-09 18:41:29","Conference paper","","","https://scholar.google.com/citations?view_op=view_citation&hl=en&user=aExySZkAAAAJ&pagesize=100&citation_for_view=aExySZkAAAAJ:J_g5lzvAfSwC",,,,,5,1.25,3,2,4,""
5,"A Förster, A Förster, K Garg, S Giordano, LM Gambardella","MOTEL: Mobility Enabled Wireless Sensor Network Testbed.",2015,"Ad Hoc Sens. Wirel. Networks 24 (3-4)","","","https://scholar.google.com/scholar?oi=bibs&hl=en&cites=8615767222194800143",51,"2020-11-09 18:41:29","Book chapter","","","https://scholar.google.com/citations?view_op=view_citation&hl=en&user=aExySZkAAAAJ&pagesize=100&citation_for_view=aExySZkAAAAJ:r0BpntZqJG4C",,,307,331,5,1.00,1,5,5,""
4,"DW Sambo, A Forster, BO Yenke, I Sarr, B Gueye, P Dayang","Wireless Underground Sensor Networks Path Loss Model for Precision Agriculture (WUSN-PLM)",2020,"IEEE Sensors Journal","","","https://scholar.google.com/scholar?oi=bibs&hl=en&cites=5573021457757773983",52,"2020-11-09 18:41:29","Journal article","","","https://scholar.google.com/citations?view_op=view_citation&hl=en&user=aExySZkAAAAJ&pagesize=100&citation_for_view=aExySZkAAAAJ:_B80troHkn4C",20,10,5298,5313,4,4.00,1,6,1,""
4,"A Förster, A Bin Muslim, A Udugama","TRAILS-A Trace-Based Probabilistic Mobility Model",2018,"Proceedings of the 21st ACM International Conference on Modeling, Analysis …","","","https://scholar.google.com/scholar?oi=bibs&hl=en&cites=8506101597026607443",53,"2020-11-09 18:41:29","Conference paper","","","https://scholar.google.com/citations?view_op=view_citation&hl=en&user=aExySZkAAAAJ&pagesize=100&citation_for_view=aExySZkAAAAJ:738O_yMBCRsC",,,,,4,2.00,1,3,2,""
4,"I Zaman, M Gellhaar, J Dede, H Koehler, A Foerster","Design and evaluation of MoleNet for wireless underground sensor networks",2016,"2016 IEEE 41st Conference on Local Computer Networks Workshops (LCN …","","","https://scholar.google.com/scholar?oi=bibs&hl=en&cites=14867925095782787268",54,"2020-11-09 18:41:29","Conference paper","","","https://scholar.google.com/citations?view_op=view_citation&hl=en&user=aExySZkAAAAJ&pagesize=100&citation_for_view=aExySZkAAAAJ:35N4QoGY0k4C",,,,,4,1.00,1,5,4,""
4,"A Egorova","MAAT-Multi Agent Authoring Tool for Programming Autonomous Mobile Robots",2004,"","","","https://scholar.google.com/scholar?oi=bibs&hl=en&cites=5392572418964137251",55,"2020-11-09 18:41:29","","","","https://scholar.google.com/citations?view_op=view_citation&hl=en&user=aExySZkAAAAJ&pagesize=100&citation_for_view=aExySZkAAAAJ:M3ejUd6NZC8C",,,,,4,0.25,4,1,16,""
3,"A Udugama, A Förster, J Dede, V Kuppusamy","Simulating Opportunistic Networks with OMNeT++",2019,"Recent Advances in Network Simulation","","","https://scholar.google.com/scholar?oi=bibs&hl=en&cites=11958966131395063913",56,"2020-11-09 18:41:29","Book chapter","","","https://scholar.google.com/citations?view_op=view_citation&hl=en&user=aExySZkAAAAJ&pagesize=100&citation_for_view=aExySZkAAAAJ:bnK-pcrLprsC",,,425,449,3,3.00,1,4,1,""
3,"D Témoa, A Förster, S Doka Yamigno","A reinforcement learning based intercell interference coordination in LTE networks",2019,"Future Internet","","","https://scholar.google.com/scholar?oi=bibs&hl=en&cites=862979243363481419",57,"2020-11-09 18:41:29","Journal article","","","https://scholar.google.com/citations?view_op=view_citation&hl=en&user=aExySZkAAAAJ&pagesize=100&citation_for_view=aExySZkAAAAJ:eJXPG6dFmWUC",11,1,19,19,3,3.00,1,3,1,""
3,"I Zaman, A Förster, A Mahmood, F Cawood","Finding trapped miners with wireless sensor networks",2018,"2018 5th International Conference on Information and Communication …","","","https://scholar.google.com/scholar?oi=bibs&hl=en&cites=5290291855486322019",58,"2020-11-09 18:41:29","Conference paper","","","https://scholar.google.com/citations?view_op=view_citation&hl=en&user=aExySZkAAAAJ&pagesize=100&citation_for_view=aExySZkAAAAJ:q3oQSFYPqjQC",,,,,3,1.50,1,4,2,""
3,"I Zaman, N Jain, A Förster","Artificial neural network based soil VWC and field capacity estimation using low cost sensors",2018,"2018 IFIP/IEEE International Conference on Performance Evaluation and …","","","https://scholar.google.com/scholar?oi=bibs&hl=en&cites=218299344784131534",59,"2020-11-09 18:41:29","Conference paper","","","https://scholar.google.com/citations?view_op=view_citation&hl=en&user=aExySZkAAAAJ&pagesize=100&citation_for_view=aExySZkAAAAJ:5Ul4iDaHHb8C",,,,,3,1.50,1,3,2,""
3,"Z Vatandas, SM Hamm, K Kuladinithi, U Killat, A Timm-Giel, A Förster","Modeling of data dissemination in oppnets",2018,"2018 IEEE 19th International Symposium on"" A World of Wireless, Mobile and …","","","https://scholar.google.com/scholar?oi=bibs&hl=en&cites=8848299592554559818",60,"2020-11-09 18:41:29","Conference paper","","","https://scholar.google.com/citations?view_op=view_citation&hl=en&user=aExySZkAAAAJ&pagesize=100&citation_for_view=aExySZkAAAAJ:SP6oXDckpogC",,,,,3,1.50,1,6,2,""
3,"B Khalilov, A Förster, A Udugama","Radio irregularity model in omnet++",2017,"arXiv preprint arXiv:1709.","","","https://scholar.google.com/scholar?oi=bibs&hl=en&cites=18300761181954832506",61,"2020-11-09 18:41:29","Preprint","","","https://scholar.google.com/citations?view_op=view_citation&hl=en&user=aExySZkAAAAJ&pagesize=100&citation_for_view=aExySZkAAAAJ:D03iK_w7-QYC",7035,,,,3,1.00,1,3,3,""
3,"A Förster, AB Muslim, A Udugama","Reactive user behavior and mobility models",2017,"arXiv preprint arXiv:1709.","","","https://scholar.google.com/scholar?oi=bibs&hl=en&cites=4668074451742314709",62,"2020-11-09 18:41:29","Preprint","","","https://scholar.google.com/citations?view_op=view_citation&hl=en&user=aExySZkAAAAJ&pagesize=100&citation_for_view=aExySZkAAAAJ:yD5IFk8b50cC",6395,,,,3,1.00,1,3,3,""
3,"A Förster, K Kuladinithi, A Timm-Giel, C Görg, S Giordano","DICE: A Novel Platform to Support Massively Distributed Clouds",2013,"International Conference on Mobile Networks and Management","","","https://scholar.google.com/scholar?oi=bibs&hl=en&cites=5883460996875762139",63,"2020-11-09 18:41:29","Conference paper","","","https://scholar.google.com/citations?view_op=view_citation&hl=en&user=aExySZkAAAAJ&pagesize=100&citation_for_view=aExySZkAAAAJ:_kc_bZDykSQC",,,273,286,3,0.43,1,5,7,""
3,"A Förster","Teaching networks how to learn",2009,"Università della Svizzera italiana","","","https://scholar.google.com/scholar?oi=bibs&hl=en&cites=1154277537762141135",64,"2020-11-09 18:41:29","","","","https://scholar.google.com/citations?view_op=view_citation&hl=en&user=aExySZkAAAAJ&pagesize=100&citation_for_view=aExySZkAAAAJ:Tyk-4Ss8FVUC",,,,,3,0.27,3,1,11,""
3,"A Gloye, M Simon, A Egorova, F Wiesel, R Rojas","Plug & Play: Fast Automatic Geometry and Color Calibration for a Camera Tracking Mobile Robots",2004,"Institut für Informatik, Freie Universität Berlin","","","https://scholar.google.com/scholar?oi=bibs&hl=en&cites=4912152629090397775",65,"2020-11-09 18:41:29","","","","https://scholar.google.com/citations?view_op=view_citation&hl=en&user=aExySZkAAAAJ&pagesize=100&citation_for_view=aExySZkAAAAJ:QIV2ME_5wuYC",,,,,3,0.19,1,5,16,""
2,"DW Sambo, A Förster, BO Yenke, I Sarr","A new approach for path loss prediction in wireless underground sensor networks",2019,"2019 IEEE 44th LCN Symposium on Emerging Topics in Networking (LCN Symposium …","","","https://scholar.google.com/scholar?oi=bibs&hl=en&cites=9064351733626329105",66,"2020-11-09 18:41:29","Conference paper","","","https://scholar.google.com/citations?view_op=view_citation&hl=en&user=aExySZkAAAAJ&pagesize=100&citation_for_view=aExySZkAAAAJ:PELIpwtuRlgC",,,,,2,2.00,1,4,1,""
2,"R Agüero, T Zinner, M Garcia-Lozano, BL Wenning, A Timm-Giel","Mobile Networks and Management",2016,"Mobile Networks and Applications","","","https://scholar.google.com/scholar?oi=bibs&hl=en&cites=3537789020142475907",67,"2020-11-09 18:41:29","Journal article","","","https://scholar.google.com/citations?view_op=view_citation&hl=en&user=aExySZkAAAAJ&pagesize=100&citation_for_view=aExySZkAAAAJ:M05iB0D1s5AC",21,4,561,563,2,0.50,0,5,4,""
2,"A Forster","What are Wireless Sensor Networks?",2016,"","Wiley-IEEE Press","","https://scholar.google.com/scholar?oi=bibs&hl=en&cites=14197923995376666699",68,"2020-11-09 18:41:29","Book","","","https://scholar.google.com/citations?view_op=view_citation&hl=en&user=aExySZkAAAAJ&pagesize=100&citation_for_view=aExySZkAAAAJ:XiVPGOgt02cC",,,,,2,0.50,2,1,4,""
2,"A Forster","Designing and Deploying WSN Applications",2016,"","Wiley-IEEE Press","","https://scholar.google.com/scholar?oi=bibs&hl=en&cites=15075430853834586755",69,"2020-11-09 18:41:29","Book","","","https://scholar.google.com/citations?view_op=view_citation&hl=en&user=aExySZkAAAAJ&pagesize=100&citation_for_view=aExySZkAAAAJ:p2g8aNsByqUC",,,,,2,0.50,2,1,4,""
2,"A Udugama, K Kuladinithi, A Förster, C Görg","Federating OMNeT++ Simulations with Testbed Environments",2015,"arXiv preprint arXiv:1509.","","","https://scholar.google.com/scholar?oi=bibs&hl=en&cites=16774580170315386681",70,"2020-11-09 18:41:29","Preprint","","","https://scholar.google.com/citations?view_op=view_citation&hl=en&user=aExySZkAAAAJ&pagesize=100&citation_for_view=aExySZkAAAAJ:k_IJM867U9cC",3069,,,,2,0.40,1,4,5,""
2,"A Puiatti, A Rivero, A Förster, A Bernaschina, GC Dozio, N Rizzo, ...","Proxy-care: A novel patient care tracking system with wireless sensor networks",2014,"2014 IEEE Healthcare Innovation Conference (HIC)","","","https://scholar.google.com/scholar?oi=bibs&hl=en&cites=7301345901705029946",71,"2020-11-09 18:41:29","Conference paper","","","https://scholar.google.com/citations?view_op=view_citation&hl=en&user=aExySZkAAAAJ&pagesize=100&citation_for_view=aExySZkAAAAJ:j3f4tGmQtD8C",,,38,41,2,0.33,0,7,6,""
2,"K Garg, A Förster, D Puccinelli, S Giordano","A TinyOS based tool for gathering real-world wireless traces",2011,"Proceedings of the 6th ACM international workshop on Wireless network …","","","https://scholar.google.com/scholar?oi=bibs&hl=en&cites=1601035095837406605",72,"2020-11-09 18:41:29","Conference paper","","","https://scholar.google.com/citations?view_op=view_citation&hl=en&user=aExySZkAAAAJ&pagesize=100&citation_for_view=aExySZkAAAAJ:eQOLeE2rZwMC",,,,,2,0.22,1,4,9,""
2,"A Förster","Demo Abstract: Fast Implementation and Deployment of Small-Size Wireless Sensor Networks",2010,"Proceedings of the 7th European Conference on Wireless Sensor Networks (EWSN …","","","https://scholar.google.com/scholar?oi=bibs&hl=en&cites=1961333048251038592",73,"2020-11-09 18:41:29","Conference paper","","","https://scholar.google.com/citations?view_op=view_citation&hl=en&user=aExySZkAAAAJ&pagesize=100&citation_for_view=aExySZkAAAAJ:P5F9QuxV20EC",,,,,2,0.20,2,1,10,""
2,"A Förster","Teaching Networks How to Learn: Data Dissemination in Wireless Sensor Networks with Reinforcement Learning",2010,"Suedwestdeutscher Verlag fuer Hochschulschriften","","","https://scholar.google.com/scholar?oi=bibs&hl=en&cites=10633953131022465257",74,"2020-11-09 18:41:29","","","","https://scholar.google.com/citations?view_op=view_citation&hl=en&user=aExySZkAAAAJ&pagesize=100&citation_for_view=aExySZkAAAAJ:GnPB-g6toBAC",,,,,2,0.20,2,1,10,""
1,"G Kimutai, A Ngenzi, RN Said, A Kiprop, A Förster","An Optimum Tea Fermentation Detection Model Based on Deep Convolutional Neural Networks",2020,"Data","","","https://scholar.google.com/scholar?oi=bibs&hl=en&cites=12148739129755002741",75,"2020-11-09 18:41:29","Journal article","","","https://scholar.google.com/citations?view_op=view_citation&hl=en&user=aExySZkAAAAJ&pagesize=100&citation_for_view=aExySZkAAAAJ:JoZmwDi-zQgC",5,2,44,44,1,1.00,0,5,1,""
1,"D Wübben, A Könsgen, A Udugama, A Dekorsy, A Förster","Challenges and Opportunities in Communications for Autonomous Underwater Vehicles",2020,"AI Technology for Underwater Robots","","","https://scholar.google.com/scholar?oi=bibs&hl=en&cites=15744950294169273845",76,"2020-11-09 18:41:29","Book chapter","","","https://scholar.google.com/citations?view_op=view_citation&hl=en&user=aExySZkAAAAJ&pagesize=100&citation_for_view=aExySZkAAAAJ:AXPGKjj_ei8C",,,83,93,1,1.00,0,5,1,""
1,"V Kuppusamy, L Sarmiento, A Udugama, A Förster","Community-based Mobility Model and Probabilistic ORBIT Mobility Model Implementations in OMNeT++",2018,"Proceedings of the 5th International OMNeT++ Community Summit","","","https://scholar.google.com/scholar?oi=bibs&hl=en&cites=2876268601004527548",77,"2020-11-09 18:41:29","Conference paper","","","https://scholar.google.com/citations?view_op=view_citation&hl=en&user=aExySZkAAAAJ&pagesize=100&citation_for_view=aExySZkAAAAJ:LPZeul_q3PIC",,,,,1,0.50,0,4,2,""
1,"M Cetinkaya, J Dede, A Förster","An RFID Based Secure Key and Configuration Distribution for Contiki.",2018,"EWSN","","","https://scholar.google.com/scholar?oi=bibs&hl=en&cites=13702560934527247245",78,"2020-11-09 18:41:29","Book chapter","","","https://scholar.google.com/citations?view_op=view_citation&hl=en&user=aExySZkAAAAJ&pagesize=100&citation_for_view=aExySZkAAAAJ:uWQEDVKXjbEC",,,189,190,1,0.50,0,3,2,""
1,"I Zaman, A Förster","Challenges and Opportunities of Wireless Underground Sensor Networks",2018,"Fachgespräche Sensornetze","","","https://scholar.google.com/scholar?oi=bibs&hl=en&cites=17316762348659121474",79,"2020-11-09 18:41:29","","","","https://scholar.google.com/citations?view_op=view_citation&hl=en&user=aExySZkAAAAJ&pagesize=100&citation_for_view=aExySZkAAAAJ:u9iWguZQMMsC",,,,,1,0.50,1,2,2,""
1,"I Zaman, J Dede, A Förster","TWIN Node, A Flexible Wireless Sensor Network Testbed.",2016,"EWSN","","","https://scholar.google.com/scholar?oi=bibs&hl=en&cites=15270003138423810872",80,"2020-11-09 18:41:29","Book chapter","","","https://scholar.google.com/citations?view_op=view_citation&hl=en&user=aExySZkAAAAJ&pagesize=100&citation_for_view=aExySZkAAAAJ:BqipwSGYUEgC",,,237,238,1,0.25,0,3,4,""
1,"A Förster, M Jazayeri","Teaching wireless sensor networks through testbed development",2009,"Proceedings of the 7th ACM Conference on Embedded Networked Sensor Systems …","","","https://scholar.google.com/scholar?oi=bibs&hl=en&cites=10541074512899114544",81,"2020-11-09 18:41:29","Conference paper","","","https://scholar.google.com/citations?view_op=view_citation&hl=en&user=aExySZkAAAAJ&pagesize=100&citation_for_view=aExySZkAAAAJ:LkGwnXOMwfcC",,,,,1,0.09,1,2,11,""
1,"A Förster, AL Murphy","FROMS",2009,"Università della Svizzera italiana","","","https://scholar.google.com/scholar?oi=bibs&hl=en&cites=1524391331763095089",82,"2020-11-09 18:41:29","","","","https://scholar.google.com/citations?view_op=view_citation&hl=en&user=aExySZkAAAAJ&pagesize=100&citation_for_view=aExySZkAAAAJ:Y0pCki6q_DkC",,,,,1,0.09,1,2,11,""
0,"JLFK Ebongue, I Bayaola, C Thron, A Förster","Charging Stations placement in Drone Path planning for large space surveillance",2020,"CARI 2020-Colloque Africain sur la Recherche en Informatique et en …","","","https://scholar.google.com",83,"2020-11-09 18:41:29","","","","https://scholar.google.com/citations?view_op=view_citation&hl=en&user=aExySZkAAAAJ&pagesize=100&citation_for_view=aExySZkAAAAJ:eq2jaN3J8jMC",,,,,0,0.00,0,4,1,""
0,"JLEK Fendji, IK Bayaola, C Thron, MD Fendji, A Förster","Cost-Effective Placement of Recharging Stations in Drone Path Planning for Surveillance Missions on Large Farms",2020,"Symmetry","","","https://scholar.google.com",84,"2020-11-09 18:41:29","Journal article","","","https://scholar.google.com/citations?view_op=view_citation&hl=en&user=aExySZkAAAAJ&pagesize=100&citation_for_view=aExySZkAAAAJ:L7CI7m0gUJcC",12,10,1661,1661,0,0.00,0,5,1,""
0,"K Qayyum, I Zaman, A Förster","H 2 O Sense: a WSN-based monitoring system for fish tanks",2020,"SN Applied Sciences","","","https://scholar.google.com",85,"2020-11-09 18:41:29","Journal article","","","https://scholar.google.com/citations?view_op=view_citation&hl=en&user=aExySZkAAAAJ&pagesize=100&citation_for_view=aExySZkAAAAJ:ye4kPcJQO24C",2,10,1,12,0,0.00,0,3,1,""
0,"I Zaman, A Förster","Self Adaptive Communication based on Soil Moisture for Wireless Underground Sensor Networks",2020,"Universität Bremen","","","https://scholar.google.com",86,"2020-11-09 18:41:29","","","","https://scholar.google.com/citations?view_op=view_citation&hl=en&user=aExySZkAAAAJ&pagesize=100&citation_for_view=aExySZkAAAAJ:dTyEYWd-f8wC",,,,,0,0.00,0,2,1,""
0,"LV Tamayo, C Thron, JLKE Fendji, SK Thomas, A Förster","Cost-Minimizing System Design for Surveillance of Large, Inaccessible Agricultural Areas Using Drones of Limited Range",2020,"Sustainability","","","https://scholar.google.com",87,"2020-11-09 18:41:29","Journal article","","","https://scholar.google.com/citations?view_op=view_citation&hl=en&user=aExySZkAAAAJ&pagesize=100&citation_for_view=aExySZkAAAAJ:hMsQuOkrut0C",12,21,1,25,0,0.00,0,5,1,""
0,"L Vargas Tamayo, C Thron, JLKE Fendji, SK Thomas, A Förster","Cost-Minimizing System Design for Surveillance of Large, Inaccessible Agricultural Areas Using Drones of Limited Range",2020,"Sustainability","","","https://scholar.google.com",88,"2020-11-09 18:41:29","Journal article","","","https://scholar.google.com/citations?view_op=view_citation&hl=en&user=aExySZkAAAAJ&pagesize=100&citation_for_view=aExySZkAAAAJ:ILKRHgRFtOwC",12,21,8878,8878,0,0.00,0,5,1,""
0,"T Karunathilake, A Udugama, A Förster","Simulation Speedup in OMNeT++ Using Contact Traces",2019,"Proceedings of 6th International OM","","","https://scholar.google.com",89,"2020-11-09 18:41:29","Conference paper","","","https://scholar.google.com/citations?view_op=view_citation&hl=en&user=aExySZkAAAAJ&pagesize=100&citation_for_view=aExySZkAAAAJ:t6usbXjVLHcC",66,,32,43,0,0.00,0,3,1,""
0,"V Kuppusamy, A Udugama, A Förster","Retraction Note to: Mobility Aided Context-Aware Forwarding Approach for Destination-Less OppNets",2019,"International Conference on Ad-Hoc Networks and Wireless, C1-C","","","https://scholar.google.com",90,"2020-11-09 18:41:29","Conference paper","","","https://scholar.google.com/citations?view_op=view_citation&hl=en&user=aExySZkAAAAJ&pagesize=100&citation_for_view=aExySZkAAAAJ:SdhP9T11ey4C",2,,,,0,0.00,0,3,1,""
0,"V Kuppusamy, A Udugama, A Förster","Mobility Aided Context-Aware Forwarding Approach for Destination-Less OppNets",2019,"International Conference on Ad-Hoc Networks and Wireless","","","https://scholar.google.com",91,"2020-11-09 18:41:29","Conference paper","","","https://scholar.google.com/citations?view_op=view_citation&hl=en&user=aExySZkAAAAJ&pagesize=100&citation_for_view=aExySZkAAAAJ:HE397vMXCloC",,,153,166,0,0.00,0,3,1,""
0,"A Könsgen, M Shahabuddin, A Singh, A Förster","A Mathematical Model for Efficient and Fair Resource Assignment in Multipath Transport",2019,"Future Internet","","","https://scholar.google.com",92,"2020-11-09 18:41:29","Journal article","","","https://scholar.google.com/citations?view_op=view_citation&hl=en&user=aExySZkAAAAJ&pagesize=100&citation_for_view=aExySZkAAAAJ:mvPsJ3kp5DgC",11,2,39,39,0,0.00,0,4,1,""
0,"A Förster","Addressing the challenges of teaching the Internet of Things",2019,"https://academy.itu.int/digital-skills-insights","","","https://scholar.google.com",93,"2020-11-09 18:41:29","Journal article","","","https://scholar.google.com/citations?view_op=view_citation&hl=en&user=aExySZkAAAAJ&pagesize=100&citation_for_view=aExySZkAAAAJ:Mojj43d5GZwC",2019,,,,0,0.00,0,1,1,""
0,"A Förster, M Wählisch","Internet of Everything",2019,"INFORMATIK 2019: 50 Jahre Gesellschaft für Informatik–Informatik für …","","","https://scholar.google.com",94,"2020-11-09 18:41:29","","","","https://scholar.google.com/citations?view_op=view_citation&hl=en&user=aExySZkAAAAJ&pagesize=100&citation_for_view=aExySZkAAAAJ:olpn-zPbct0C",,,,,0,0.00,0,2,1,""
0,"J Dede, A Förster","ResourSim – Evaluating the end-user Device usage",2018,"Proceedings of the 5th International OMNeT++ Community Summit","","","https://scholar.google.com",95,"2020-11-09 18:41:29","Conference paper","","","https://scholar.google.com/citations?view_op=view_citation&hl=en&user=aExySZkAAAAJ&pagesize=100&citation_for_view=aExySZkAAAAJ:fQNAKQ3IYiAC",,,,,0,0.00,0,2,2,""
0,"A Förster, A Udugama, A Könsgen, A Virdis, M Kirsche","Proceedings of the 4th OMNeT++ Community Summit, University of Bremen-Germany, September 7-8, 2017",2017,"arXiv preprint arXiv:1709.","","","https://scholar.google.com",96,"2020-11-09 18:41:29","Preprint","","","https://scholar.google.com/citations?view_op=view_citation&hl=en&user=aExySZkAAAAJ&pagesize=100&citation_for_view=aExySZkAAAAJ:f2IySw72cVMC",3745,,,,0,0.00,0,5,3,""
0,"R Agüero, Y Zaki, BL Wenning, A Förster, A Timm-Giel","Mobile Networks and Management: 8th International Conference, MONAMI 2016, Abu Dhabi, United Arab Emirates, October 23-24, 2016, Proceedings",2017,"","Springer","","https://scholar.google.com",97,"2020-11-09 18:41:29","Book","","","https://scholar.google.com/citations?view_op=view_citation&hl=en&user=aExySZkAAAAJ&pagesize=100&citation_for_view=aExySZkAAAAJ:vV6vV6tmYwMC",,,,,0,0.00,0,5,3,""
0,"A Förster, A Förster, J Leitner","Exciting Students for Systems Programming Through the Use of Mobile Robots",2017,"","https://elib.suub.uni-bremen.de/edocs/00105965-1.pdf","","https://scholar.google.com",98,"2020-11-09 18:41:29","Online document","","","https://scholar.google.com/citations?view_op=view_citation&hl=en&user=aExySZkAAAAJ&pagesize=100&citation_for_view=aExySZkAAAAJ:D_sINldO8mEC",,,,,0,0.00,0,3,3,""
0,"P Karunanayake, A Könsgen, A Förster","Adaptive Protocol Parameters for Wireless Sensor Networks using Machine Learning",2017,"","","","https://scholar.google.com",99,"2020-11-09 18:41:29","","","","https://scholar.google.com/citations?view_op=view_citation&hl=en&user=aExySZkAAAAJ&pagesize=100&citation_for_view=aExySZkAAAAJ:abG-DnoFyZgC",,,,,0,0.00,0,3,3,""
0,"A Förster, V Veselý, A Virdis, M Kirsche","Proceedings of the 3rd OMNeT++ Community Summit, Brno University of Technology-Czech Republic, September 15-16, 2016",2016,"arXiv preprint arXiv:1609.","","","https://scholar.google.com",100,"2020-11-09 18:41:29","Preprint","","","https://scholar.google.com/citations?view_op=view_citation&hl=en&user=aExySZkAAAAJ&pagesize=100&citation_for_view=aExySZkAAAAJ:RGFaLdJalmkC",7629,,,,0,0.00,0,4,4,""
0,"M Gellhaar, J Dede, H Koehler, A Förster","Design and Evaluation of Underground Wireless Sensor Networks for Reforestation Monitoring.",2016,"EWSN","","","https://scholar.google.com",101,"2020-11-09 18:41:29","Book chapter","","","https://scholar.google.com/citations?view_op=view_citation&hl=en&user=aExySZkAAAAJ&cstart=100&pagesize=100&citation_for_view=aExySZkAAAAJ:YFjsv_pBGBYC",,,229,230,0,0.00,0,4,4,""
0,"A Forster","Data Aggregation and Clustering",2016,"","Wiley-IEEE Press","","https://scholar.google.com",102,"2020-11-09 18:41:29","Book","","","https://scholar.google.com/citations?view_op=view_citation&hl=en&user=aExySZkAAAAJ&cstart=100&pagesize=100&citation_for_view=aExySZkAAAAJ:8AbLer7MMksC",,,,,0,0.00,0,1,4,""
0,"A Forster","Localization Techniques",2016,"","Wiley-IEEE Press","","https://scholar.google.com",103,"2020-11-09 18:41:29","Book","","","https://scholar.google.com/citations?view_op=view_citation&hl=en&user=aExySZkAAAAJ&cstart=100&pagesize=100&citation_for_view=aExySZkAAAAJ:B3FOqHPlNUQC",,,,,0,0.00,0,1,4,""
0,"A Forster","Multi‐Hop Communications",2016,"","Wiley-IEEE Press","","https://scholar.google.com",104,"2020-11-09 18:41:29","Book","","","https://scholar.google.com/citations?view_op=view_citation&hl=en&user=aExySZkAAAAJ&cstart=100&pagesize=100&citation_for_view=aExySZkAAAAJ:4fKUyHm3Qg0C",,,,,0,0.00,0,1,4,""
0,"A Forster","Anatomy of a Sensor Node",2016,"","Wiley-IEEE Press","","https://scholar.google.com",105,"2020-11-09 18:41:29","Book","","","https://scholar.google.com/citations?view_op=view_citation&hl=en&user=aExySZkAAAAJ&cstart=100&pagesize=100&citation_for_view=aExySZkAAAAJ:vRqMK49ujn8C",,,,,0,0.00,0,1,4,""
0,"A Forster","Sensing Techniques",2016,"","Wiley-IEEE Press","","https://scholar.google.com",106,"2020-11-09 18:41:29","Book","","","https://scholar.google.com/citations?view_op=view_citation&hl=en&user=aExySZkAAAAJ&cstart=100&pagesize=100&citation_for_view=aExySZkAAAAJ:08ZZubdj9fEC",,,,,0,0.00,0,1,4,""
0,"A Forster","Time Synchronization",2016,"","Wiley-IEEE Press","","https://scholar.google.com",107,"2020-11-09 18:41:29","Book","","","https://scholar.google.com/citations?view_op=view_citation&hl=en&user=aExySZkAAAAJ&cstart=100&pagesize=100&citation_for_view=aExySZkAAAAJ:l7t_Zn2s7bgC",,,,,0,0.00,0,1,4,""
0,"A Förster","Panel: Student Competitions to Motivate Research in Wireless Sensor Networks",2015,"Proceedings of the 6th ACM Workshop on Real World Wireless Sensor Networks …","","","https://scholar.google.com",108,"2020-11-09 18:41:29","Conference paper","","","https://scholar.google.com/citations?view_op=view_citation&hl=en&user=aExySZkAAAAJ&cstart=100&pagesize=100&citation_for_view=aExySZkAAAAJ:hMod-77fHWUC",,,,,0,0.00,0,1,5,""
0,"A Förster, C Minkenberg, GR Herrera, M Kirsche","Proceedings of the 2nd OMNeT++ Community Summit, IBM Research-Zurich, Switzerland, September 3-4, 2015",2015,"arXiv preprint arXiv:1509.","","","https://scholar.google.com",109,"2020-11-09 18:41:29","Preprint","","","https://scholar.google.com/citations?view_op=view_citation&hl=en&user=aExySZkAAAAJ&cstart=100&pagesize=100&citation_for_view=aExySZkAAAAJ:JV2RwH3_ST0C",3284,,,,0,0.00,0,4,5,""
0,"A Rivero, G Costante, E Bonizzoni, A Puiatti, A Förster","Interconnecting zigbee and bluetooth networks with BLupZi",2014,"Proceedings of the 12th ACM Conference on Embedded Network Sensor Systems …","","","https://scholar.google.com",110,"2020-11-09 18:41:29","Conference paper","","","https://scholar.google.com/citations?view_op=view_citation&hl=en&user=aExySZkAAAAJ&cstart=100&pagesize=100&citation_for_view=aExySZkAAAAJ:TQgYirikUcIC",,,,,0,0.00,0,5,6,""
0,"A Förster, C Sommer, T Steinbach, M Wählisch","Proceedings of the 1st OMNeT++ Community Summit, Hamburg, Germany, September 2, 2014",2014,"arXiv preprint arXiv:1409.","","","https://scholar.google.com",111,"2020-11-09 18:41:29","Preprint","","","https://scholar.google.com/citations?view_op=view_citation&hl=en&user=aExySZkAAAAJ&cstart=100&pagesize=100&citation_for_view=aExySZkAAAAJ:maZDTaKrznsC",93,,,,0,0.00,0,4,6,""
0,"JM Aguiar, A Bahillo, J Bajo, M Bauer, AU Chaudhry, S Clinton, W Colitti, ...","Journal of Sensor and Actuator Networks in 2013",2014,"","","","https://scholar.google.com",112,"2020-11-09 18:41:29","","","","https://scholar.google.com/citations?view_op=view_citation&hl=en&user=aExySZkAAAAJ&cstart=100&pagesize=100&citation_for_view=aExySZkAAAAJ:hFOr9nPyWt4C",,,,,0,0.00,0,8,6,""
0,"S Vanini, A Förster","Architectural Solutions for End-User Mobility.",2013,"Mobile Ad Hoc Networking","","","https://scholar.google.com",113,"2020-11-09 18:41:29","Book chapter","","","https://scholar.google.com/citations?view_op=view_citation&hl=en&user=aExySZkAAAAJ&cstart=100&pagesize=100&citation_for_view=aExySZkAAAAJ:YsMSGLbcyi4C",,,154,190,0,0.00,0,2,7,""
0,"A Förster, A Förster, K Garg, D Puccinelli, S Giordano, LM Gambardella","Demo Abstract: MOTEL—A Mobile Robotic-Assisted Wireless Sensor Networks Testbed",2012,"EWSN","","","https://scholar.google.com",114,"2020-11-09 18:41:29","Journal article","","","https://scholar.google.com/citations?view_op=view_citation&hl=en&user=aExySZkAAAAJ&cstart=100&pagesize=100&citation_for_view=aExySZkAAAAJ:-f6ydRqryjwC",2012,,60,60,0,0.00,0,6,8,""
0,"H Aghvami, R Ahmed, K Akkarajitsakul, B Al-Manthari, CVN Albuquerque, ...","2011 Index IEEE Communications Surveys&Tutorials Vol. 14",2012,"IEEE Communications Surveys & Tutorials","","","https://scholar.google.com",115,"2020-11-09 18:41:29","Journal article","","","https://scholar.google.com/citations?view_op=view_citation&hl=en&user=aExySZkAAAAJ&cstart=100&pagesize=100&citation_for_view=aExySZkAAAAJ:KlAtU1dfN6UC",14,1,,,0,0.00,0,6,8,""
0,"K Garg, A Förster, D Puccinelli, S Giordano","Towards realistic WSN evaluation",2011,"Proceedings of the 6th ACM international workshop on Wireless network …","","","https://scholar.google.com",116,"2020-11-09 18:41:29","Conference paper","","","https://scholar.google.com/citations?view_op=view_citation&hl=en&user=aExySZkAAAAJ&cstart=100&pagesize=100&citation_for_view=aExySZkAAAAJ:_FxGoFyzp5QC",,,,,0,0.00,0,4,9,""
0,"GK Venayagamoorthy","Computational Intelligence in Wireless Sensor Networks: A Survey",2011,"To appear in IEEE Communications Surveys & Tutorials","","","https://scholar.google.com",117,"2020-11-09 18:41:29","Journal article","","","https://scholar.google.com/citations?view_op=view_citation&hl=en&user=aExySZkAAAAJ&cstart=100&pagesize=100&citation_for_view=aExySZkAAAAJ:hC7cP41nSMkC",13,1,,,0,0.00,0,1,9,""
0,"A Egorova, FU Berlin","MAAT-Multi Agent Authoring Tool for Programming Autonomous Mobile Robots Diplomarbeit bei Prof. Dr. Raúl Rojas",2004,"","","","https://scholar.google.com",118,"2020-11-09 18:41:29","","","","https://scholar.google.com/citations?view_op=view_citation&hl=en&user=aExySZkAAAAJ&cstart=100&pagesize=100&citation_for_view=aExySZkAAAAJ:4TOpqqG69KYC",,,,,0,0.00,0,2,16,""
0,"S Giordano, I Stavrakakis, A Picu, A Förster","Workshop Program (AoC 2015) Message from the Chairs",,"","","","https://scholar.google.com",119,"2020-11-09 18:41:29","","","","https://scholar.google.com/citations?view_op=view_citation&hl=en&user=aExySZkAAAAJ&cstart=100&pagesize=100&citation_for_view=aExySZkAAAAJ:tkaPQYYpVKoC",,,,,0,0.00,0,4,,""
0,"EO Blass, C Boano, Z Cao, JF Chamberland-Tremblay, J Chen, ...","DCOSS 2018 Technical Program Committee",,"","","","https://scholar.google.com",120,"2020-11-09 18:41:29","","","","https://scholar.google.com/citations?view_op=view_citation&hl=en&user=aExySZkAAAAJ&cstart=100&pagesize=100&citation_for_view=aExySZkAAAAJ:K3LRdlH-MEoC",,,,,0,0.00,0,6,,""
0,"T Abdelzaher, A Aguiar, C Becker, P Bellavista, D Bruneo, S Chellappan, ...","SMARTCOMP 2018",,"","","","https://scholar.google.com",121,"2020-11-09 18:41:29","","","","https://scholar.google.com/citations?view_op=view_citation&hl=en&user=aExySZkAAAAJ&cstart=100&pagesize=100&citation_for_view=aExySZkAAAAJ:OU6Ihb5iCvQC",,,,,0,0.00,0,7,,""
0,"T Abdelzaher, N Aschenbruck, S Basagni, C Bettstetter, CA Boano, ...","DCoSS 2017",,"","","","https://scholar.google.com",122,"2020-11-09 18:41:29","","","","https://scholar.google.com/citations?view_op=view_citation&hl=en&user=aExySZkAAAAJ&cstart=100&pagesize=100&citation_for_view=aExySZkAAAAJ:KxtntwgDAa4C",,,,,0,0.00,0,6,,""
0,"A Förster, K Kuladinithi, C Görg, S Giordano","Distributed Infrastructureless Mobile Collaborative Clouds",,"","","","https://scholar.google.com",123,"2020-11-09 18:41:29","","","","https://scholar.google.com/citations?view_op=view_citation&hl=en&user=aExySZkAAAAJ&cstart=100&pagesize=100&citation_for_view=aExySZkAAAAJ:nb7KW1ujOQ8C",,,,,0,0.00,0,4,,""
0,"Y Cheng, S Das, R de Moraes, M Demirbas, S Duquennoy, A Förster, ...","Ling-Jyh Chen, Academia Sinica Min Chen, Google Inc. Yingying Chen, Stevens Institute of Technology Hui Cheng, Liverpool John Moores University",,"","","","https://scholar.google.com",124,"2020-11-09 18:41:29","","","","https://scholar.google.com/citations?view_op=view_citation&hl=en&user=aExySZkAAAAJ&cstart=100&pagesize=100&citation_for_view=aExySZkAAAAJ:CHSYGLWDkRkC",,,,,0,0.00,0,7,,""
0,"A Förster, T Leidi, K Garg, D Puccinelli, S Giordano, DTI ICIMSI","FLEXOR: Flexible Run-Time Software Management for Pervasive WSN Experiments",,"","","","https://scholar.google.com",125,"2020-11-09 18:41:29","","","","https://scholar.google.com/citations?view_op=view_citation&hl=en&user=aExySZkAAAAJ&cstart=100&pagesize=100&citation_for_view=aExySZkAAAAJ:bFI3QPDXJZMC",,,,,0,0.00,0,6,,""
0,"N Bergmann, CA Boano, F Boavida, D Boyle, M Brust, R Cardell-Oliver, ...","SenseApp 2016 TPC and reviewers",,"","","","https://scholar.google.com",126,"2020-11-09 18:41:29","","","","https://scholar.google.com/citations?view_op=view_citation&hl=en&user=aExySZkAAAAJ&cstart=100&pagesize=100&citation_for_view=aExySZkAAAAJ:ldfaerwXgEUC",,,,,0,0.00,0,7,,""
0,"S Balasubramaniam, S Basagni, J Beutel, CA Boano, T Braun, Z Cai, ...","Ravi Prakash, University of Texas at Dallas, USA Antonio AF Loureiro, Federal University of Minas Gerais, Brazil Paolo Santi, IIT-CNR, Italy Guojun Wang, Guangzhou University …",,"","","","https://scholar.google.com",127,"2020-11-09 18:41:29","","","","https://scholar.google.com/citations?view_op=view_citation&hl=en&user=aExySZkAAAAJ&cstart=100&pagesize=100&citation_for_view=aExySZkAAAAJ:2P1L_qKh6hAC",,,,,0,0.00,0,7,,""
0,"A Efrat, B Li, CF Chiasserini, C Wang, C Bettstetter, C Scheideler, D Xuan, ...","DCoSS 2015 Technical Program Committee",,"","","","https://scholar.google.com",128,"2020-11-09 18:41:29","","","","https://scholar.google.com/citations?view_op=view_citation&hl=en&user=aExySZkAAAAJ&cstart=100&pagesize=100&citation_for_view=aExySZkAAAAJ:isC4tDSrTZIC",,,,,0,0.00,0,8,,""
0,"S Silvia Giordano, SI Stavrakakis, A Picu","Workshop Program (AoC 2015)",,"","","","https://scholar.google.com",129,"2020-11-09 18:41:29","","","","https://scholar.google.com/citations?view_op=view_citation&hl=en&user=aExySZkAAAAJ&cstart=100&pagesize=100&citation_for_view=aExySZkAAAAJ:TFP_iSt0sucC",,,,,0,0.00,0,3,,""
0,"P Nurmi, D Puccinelli, A Vecchio, M Asplund, G Biczók, T Dang, ...","PerMoby'15: The Fourth IEEE International Workshop on the Impact of Human Mobility in Pervasive Systems and Applications, 2015-Welcome and Committees",,"","","","https://scholar.google.com",130,"2020-11-09 18:41:29","","","","https://scholar.google.com/citations?view_op=view_citation&hl=en&user=aExySZkAAAAJ&cstart=100&pagesize=100&citation_for_view=aExySZkAAAAJ:bEWYMUwI8FkC",,,,,0,0.00,0,7,,""
0,"N Abu-Ghazaleh, O Akan, K Akkaya, HM Ammari, R Araujo, ...","LCN 2012 organizing and program committee",,"","","","https://scholar.google.com",131,"2020-11-09 18:41:29","","","","https://scholar.google.com/citations?view_op=view_citation&hl=en&user=aExySZkAAAAJ&cstart=100&pagesize=100&citation_for_view=aExySZkAAAAJ:iH-uZ7U-co4C",,,,,0,0.00,0,6,,""
0,"E Theus Hossmann, D Puccinelli, A Vecchio, T Hossmann, M Asplund, ...","PerMoby'14: The Third IEEE International Workshop on the Impact of Human Mobility in Pervasive Systems and Applications, 2014-Welcome and Committees Welcome Message from the …",,"","","","https://scholar.google.com",132,"2020-11-09 18:41:29","","","","https://scholar.google.com/citations?view_op=view_citation&hl=en&user=aExySZkAAAAJ&cstart=100&pagesize=100&citation_for_view=aExySZkAAAAJ:4JMBOYKVnBMC",,,,,0,0.00,0,6,,""
0,"A Egorova-Förster, AL Murphy","FROMS: Applying the Feedback Routing Framework for Optimizing Multiple Sinks in WSN",,"","","","https://scholar.google.com",133,"2020-11-09 18:41:29","","","","https://scholar.google.com/citations?view_op=view_citation&hl=en&user=aExySZkAAAAJ&cstart=100&pagesize=100&citation_for_view=aExySZkAAAAJ:IWHjjKOFINEC",,,,,0,0.00,0,2,,""
0,"A Egorova-Förster, AL Murphy","FROMS: Feedback Routing for Optimizing Multiple Sinks in WSN with Reinforcement Learning",,"","","","https://scholar.google.com",134,"2020-11-09 18:41:29","","","","https://scholar.google.com/citations?view_op=view_citation&hl=en&user=aExySZkAAAAJ&cstart=100&pagesize=100&citation_for_view=aExySZkAAAAJ:ZeXyd9-uunAC",,,,,0,0.00,0,2,,""
0,"A Egorova","MAAT–Multi Agent Authoring Tool for Programmin Autonomous Mobile Robots. 2004",,"Dissertação (Mestrado)-Institut für Informatik, Freie Universität, Berlin,","","","https://scholar.google.com",135,"2020-11-09 18:41:29","","","","https://scholar.google.com/citations?view_op=view_citation&hl=en&user=aExySZkAAAAJ&cstart=100&pagesize=100&citation_for_view=aExySZkAAAAJ:qxL8FJ1GzNcC",,,,,0,0.00,0,1,,""
0,"A Förster, AL Murphy, J Schiller, K Terfloth","Reinforcement Learning on Real WSN Hardware? It works!",,"","","","https://scholar.google.com",136,"2020-11-09 18:41:29","","","","https://scholar.google.com/citations?view_op=view_citation&hl=en&user=aExySZkAAAAJ&cstart=100&pagesize=100&citation_for_view=aExySZkAAAAJ:Se3iqnhoufwC",,,,,0,0.00,0,4,,""
0,"A Förster","ATELIER-2: A Flexible Lightweight Software Architecture for Testing Wireless Sensor Networks",,"","","","https://scholar.google.com",137,"2020-11-09 18:41:29","","","","https://scholar.google.com/citations?view_op=view_citation&hl=en&user=aExySZkAAAAJ&cstart=100&pagesize=100&citation_for_view=aExySZkAAAAJ:roLk4NBRz8UC",,,,,0,0.00,0,1,,""
0,"D Puccinelli, A Förster, A Puiatti, S Giordano","Radio-Based Monitoring of Hiking Trails with Low-End Motes",,"","","","https://scholar.google.com",138,"2020-11-09 18:41:29","","","","https://scholar.google.com/citations?view_op=view_citation&hl=en&user=aExySZkAAAAJ&cstart=100&pagesize=100&citation_for_view=aExySZkAAAAJ:ufrVoPGSRksC",,,,,0,0.00,0,4,,""
0,"K Garg, A Förster, D Puccinelli, T Leidi, S Giordano, DTI ICIMSI","A Complete Tool-Chain for Developing and Testing WSN Applications with FLEXOR",,"","","","https://scholar.google.com",139,"2020-11-09 18:41:29","","","","https://scholar.google.com/citations?view_op=view_citation&hl=en&user=aExySZkAAAAJ&cstart=100&pagesize=100&citation_for_view=aExySZkAAAAJ:WF5omc3nYNoC",,,,,0,0.00,0,6,,""
